{"elements":[{"from":[7.3582287,4.4357977,4.295721],"to":[7.714286,5.8600264,7.5002356],"rotation":{"angle":-45.0,"axis":"x","origin":[13.250544,2.469305,6.350214]},"faces":{"east":{"uv":[12.0,11.5,13.0,9.25],"rotation":270,"texture":"#1","tintindex":0},"south":{"uv":[12.0,11.25,13.0,11.5],"rotation":270,"texture":"#1","tintindex":0},"north":{"uv":[13.0,9.25,12.0,9.5],"rotation":90,"texture":"#1","tintindex":0},"west":{"uv":[12.0,9.25,13.0,11.5],"rotation":270,"texture":"#1","tintindex":0},"up":{"uv":[12.75,9.25,13.0,11.5],"rotation":0,"texture":"#1","tintindex":0},"down":{"uv":[12.0,9.25,12.25,11.5],"rotation":180,"texture":"#1","tintindex":0}}},{"from":[7.3582287,4.0797405,4.651778],"to":[7.714286,4.4357977,8.568407],"rotation":{"angle":-45.0,"axis":"x","origin":[13.250544,2.469305,6.350214]},"faces":{"east":{"uv":[11.75,12.25,12.0,9.5],"rotation":270,"texture":"#1","tintindex":0},"south":{"uv":[11.75,12.0,12.0,12.25],"rotation":270,"texture":"#1","tintindex":0},"north":{"uv":[12.0,9.5,11.75,9.75],"rotation":90,"texture":"#1","tintindex":0},"west":{"uv":[11.75,9.5,12.0,12.25],"rotation":270,"texture":"#1","tintindex":0},"up":{"uv":[11.75,9.5,12.0,12.25],"rotation":0,"texture":"#1","tintindex":0},"down":{"uv":[11.75,9.5,12.0,12.25],"rotation":180,"texture":"#1","tintindex":0}}},{"from":[7.3582287,5.8600264,4.651778],"to":[7.714286,6.2160835,7.1441784],"rotation":{"angle":-45.0,"axis":"x","origin":[13.250544,2.469305,6.350214]},"faces":{"east":{"uv":[13.0,11.25,13.25,9.5],"rotation":270,"texture":"#1","tintindex":0},"south":{"uv":[13.0,11.0,13.25,11.25],"rotation":270,"texture":"#1","tintindex":0},"north":{"uv":[13.25,9.5,13.0,9.75],"rotation":90,"texture":"#1","tintindex":0},"west":{"uv":[13.0,9.5,13.25,11.25],"rotation":270,"texture":"#1","tintindex":0},"up":{"uv":[13.0,9.5,13.25,11.25],"rotation":0,"texture":"#1","tintindex":0},"down":{"uv":[13.0,9.5,13.25,11.25],"rotation":180,"texture":"#1","tintindex":0}}},{"from":[7.3582287,3.7236834,5.0078354],"to":[7.714286,4.0797405,8.568407],"rotation":{"angle":-45.0,"axis":"x","origin":[13.250544,2.469305,6.350214]},"faces":{"east":{"uv":[11.5,12.25,11.75,9.75],"rotation":270,"texture":"#1","tintindex":0},"south":{"uv":[11.5,12.0,11.75,12.25],"rotation":270,"texture":"#1","tintindex":0},"north":{"uv":[11.75,9.75,11.5,10.0],"rotation":90,"texture":"#1","tintindex":0},"west":{"uv":[11.5,9.75,11.75,12.25],"rotation":270,"texture":"#1","tintindex":0},"up":{"uv":[11.5,9.75,11.75,12.25],"rotation":0,"texture":"#1","tintindex":0},"down":{"uv":[11.5,9.75,11.75,12.25],"rotation":180,"texture":"#1","tintindex":0}}},{"from":[7.3582287,6.2160835,5.0078354],"to":[7.714286,6.5721407,6.432064],"rotation":{"angle":-45.0,"axis":"x","origin":[13.250544,2.469305,6.350214]},"faces":{"east":{"uv":[13.25,10.75,13.5,9.75],"rotation":270,"texture":"#1","tintindex":0},"south":{"uv":[13.25,10.5,13.5,10.75],"rotation":270,"texture":"#1","tintindex":0},"north":{"uv":[13.5,9.75,13.25,10.0],"rotation":90,"texture":"#1","tintindex":0},"west":{"uv":[13.25,9.75,13.5,10.75],"rotation":270,"texture":"#1","tintindex":0},"up":{"uv":[13.25,9.75,13.5,10.75],"rotation":0,"texture":"#1","tintindex":0},"down":{"uv":[13.25,9.75,13.5,10.75],"rotation":180,"texture":"#1","tintindex":0}}},{"from":[7.3582287,3.3676267,5.3638926],"to":[7.714286,3.7236834,8.568407],"rotation":{"angle":-45.0,"axis":"x","origin":[13.250544,2.469305,6.350214]},"faces":{"east":{"uv":[11.25,12.25,11.5,10.0],"rotation":270,"texture":"#1","tintindex":0},"south":{"uv":[11.25,12.0,11.5,12.25],"rotation":270,"texture":"#1","tintindex":0},"north":{"uv":[11.5,10.0,11.25,10.25],"rotation":90,"texture":"#1","tintindex":0},"west":{"uv":[11.25,10.0,11.5,12.25],"rotation":270,"texture":"#1","tintindex":0},"up":{"uv":[11.25,10.0,11.5,12.25],"rotation":0,"texture":"#1","tintindex":0},"down":{"uv":[11.25,10.0,11.5,12.25],"rotation":180,"texture":"#1","tintindex":0}}},{"from":[7.3582287,2.6555119,5.7199497],"to":[7.714286,3.3676267,8.21235],"rotation":{"angle":-45.0,"axis":"x","origin":[13.250544,2.469305,6.350214]},"faces":{"east":{"uv":[10.75,12.0,11.25,10.25],"rotation":270,"texture":"#1","tintindex":0},"south":{"uv":[10.75,11.75,11.25,12.0],"rotation":270,"texture":"#1","tintindex":0},"north":{"uv":[11.25,10.25,10.75,10.5],"rotation":90,"texture":"#1","tintindex":0},"west":{"uv":[10.75,10.25,11.25,12.0],"rotation":270,"texture":"#1","tintindex":0},"up":{"uv":[11.0,10.25,11.25,12.0],"rotation":0,"texture":"#1","tintindex":0},"down":{"uv":[10.75,10.25,11.0,12.0],"rotation":180,"texture":"#1","tintindex":0}}},{"from":[7.3582287,2.2994552,6.076007],"to":[7.714286,2.6555119,8.21235],"rotation":{"angle":-45.0,"axis":"x","origin":[13.250544,2.469305,6.350214]},"faces":{"east":{"uv":[10.5,12.0,10.75,10.5],"rotation":270,"texture":"#1","tintindex":0},"south":{"uv":[10.5,11.75,10.75,12.0],"rotation":270,"texture":"#1","tintindex":0},"north":{"uv":[10.75,10.5,10.5,10.75],"rotation":90,"texture":"#1","tintindex":0},"west":{"uv":[10.5,10.5,10.75,12.0],"rotation":270,"texture":"#1","tintindex":0},"up":{"uv":[10.5,10.5,10.75,12.0],"rotation":0,"texture":"#1","tintindex":0},"down":{"uv":[10.5,10.5,10.75,12.0],"rotation":180,"texture":"#1","tintindex":0}}},{"from":[7.3582287,1.943398,6.788121],"to":[7.714286,2.2994552,7.5002356],"rotation":{"angle":-45.0,"axis":"x","origin":[13.250544,2.469305,6.350214]},"faces":{"east":{"uv":[10.25,11.5,10.5,11.0],"rotation":270,"texture":"#1","tintindex":0},"south":{"uv":[10.25,11.25,10.5,11.5],"rotation":270,"texture":"#1","tintindex":0},"north":{"uv":[10.5,11.0,10.25,11.25],"rotation":90,"texture":"#1","tintindex":0},"west":{"uv":[10.25,11.0,10.5,11.5],"rotation":270,"texture":"#1","tintindex":0},"up":{"uv":[10.25,11.0,10.5,11.5],"rotation":0,"texture":"#1","tintindex":0},"down":{"uv":[10.25,11.0,10.5,11.5],"rotation":180,"texture":"#1","tintindex":0}}},{"from":[7.3582287,4.4357977,7.5002356],"to":[7.714286,5.147912,8.21235],"rotation":{"angle":-45.0,"axis":"x","origin":[13.250544,2.469305,6.350214]},"faces":{"east":{"uv":[12.0,12.0,12.5,11.5],"rotation":270,"texture":"#1","tintindex":0},"south":{"uv":[12.0,11.75,12.5,12.0],"rotation":270,"texture":"#1","tintindex":0},"north":{"uv":[12.5,11.5,12.0,11.75],"rotation":90,"texture":"#1","tintindex":0},"west":{"uv":[12.0,11.5,12.5,12.0],"rotation":270,"texture":"#1","tintindex":0},"up":{"uv":[12.25,11.5,12.5,12.0],"rotation":0,"texture":"#1","tintindex":0},"down":{"uv":[12.0,11.5,12.25,12.0],"rotation":180,"texture":"#1","tintindex":0}}},{"from":[7.3582287,5.147912,7.5002356],"to":[7.714286,5.503969,7.8562927],"rotation":{"angle":-45.0,"axis":"x","origin":[13.250544,2.469305,6.350214]},"faces":{"east":{"uv":[12.5,11.75,12.75,11.5],"rotation":270,"texture":"#1","tintindex":0},"south":{"uv":[12.5,11.5,12.75,11.75],"rotation":270,"texture":"#1","tintindex":0},"north":{"uv":[12.75,11.5,12.5,11.75],"rotation":90,"texture":"#1","tintindex":0},"west":{"uv":[12.5,11.5,12.75,11.75],"rotation":270,"texture":"#1","tintindex":0},"up":{"uv":[12.5,11.5,12.75,11.75],"rotation":0,"texture":"#1","tintindex":0},"down":{"uv":[12.5,11.5,12.75,11.75],"rotation":180,"texture":"#1","tintindex":0}}},{"from":[7.3582287,3.011569,8.21235],"to":[7.714286,3.3676267,8.568407],"rotation":{"angle":-45.0,"axis":"x","origin":[13.250544,2.469305,6.350214]},"faces":{"east":{"uv":[11.0,12.25,11.25,12.0],"rotation":270,"texture":"#1","tintindex":0},"south":{"uv":[11.0,12.0,11.25,12.25],"rotation":270,"texture":"#1","tintindex":0},"north":{"uv":[11.25,12.0,11.0,12.25],"rotation":90,"texture":"#1","tintindex":0},"west":{"uv":[11.0,12.0,11.25,12.25],"rotation":270,"texture":"#1","tintindex":0},"up":{"uv":[11.0,12.0,11.25,12.25],"rotation":0,"texture":"#1","tintindex":0},"down":{"uv":[11.0,12.0,11.25,12.25],"rotation":180,"texture":"#1","tintindex":0}}},{"from":[6.862857,4.5714283,5.714286],"to":[8.862857,8.0,7.714286],"rotation":{"angle":0.0,"axis":"y","origin":[4.5714283,-2.285715,6.857143]},"faces":{"east":{"uv":[4.0,6.5,5.0,8.0],"rotation":0,