{"elements":[{"from":[7.4257145,2.5228562,1.7571344],"to":[8.0,3.0971422,4.0542774],"rotation":{"angle":-45.0,"axis":"x","origin":[4.855714,6.272615,0.50186443]},"faces":{"east":{"uv":[12.75,7.25,13.0,6.25],"rotation":270,"texture":"#1","tintindex":0},"south":{"uv":[12.75,7.0,13.0,7.25],"rotation":270,"texture":"#1","tintindex":0},"north":{"uv":[13.0,6.25,12.75,6.5],"rotation":90,"texture":"#1","tintindex":0},"west":{"uv":[12.75,6.25,13.0,7.25],"rotation":270,"texture":"#1","tintindex":0},"up":{"uv":[12.75,6.25,13.0,7.25],"rotation":0,"texture":"#1","tintindex":0},"down":{"uv":[12.75,6.25,13.0,7.25],"rotation":180,"texture":"#1","tintindex":0}}},{"from":[7.4257145,1.9485707,2.905706],"to":[8.0,2.5228562,4.628563],"rotation":{"angle":-45.0,"axis":"x","origin":[4.855714,6.272615,0.50186443]},"faces":{"east":{"uv":[12.5,7.5,12.75,6.75],"rotation":270,"texture":"#1","tintindex":0},"south":{"uv":[12.5,7.25,12.75,7.5],"rotation":270,"texture":"#1","tintindex":0},"north":{"uv":[12.75,6.75,12.5,7.0],"rotation":90,"texture":"#1","tintindex":0},"west":{"uv":[12.5,6.75,12.75,7.5],"rotation":270,"texture":"#1","tintindex":0},"up":{"uv":[12.5,6.75,12.75,7.5],"rotation":0,"texture":"#1","tintindex":0},"down":{"uv":[12.5,6.75,12.75,7.5],"rotation":180,"texture":"#1","tintindex":0}}},{"from":[7.4257145,1.3742847,3.4799914],"to":[8.0,1.9485707,5.202849],"rotation":{"angle":-45.0,"axis":"x","origin":[4.855714,6.272615,0.50186443]},"faces":{"east":{"uv":[12.25,7.75,12.5,7.0],"rotation":270,"texture":"#1","tintindex":0},"south":{"uv":[12.25,7.5,12.5,7.75],"rotation":270,"texture":"#1","tintindex":0},"north":{"uv":[12.5,7.0,12.25,7.25],"rotation":90,"texture":"#1","tintindex":0},"west":{"uv":[12.25,7.0,12.5,7.75],"rotation":270,"texture":"#1","tintindex":0},"up":{"uv":[12.25,7.0,12.5,7.75],"rotation":0,"texture":"#1","tintindex":0},"down":{"uv":[12.25,7.0,12.5,7.75],"rotation":180,"texture":"#1","tintindex":0}}},{"from":[7.4257145,0.79999876,4.0542774],"to":[8.0,1.3742847,5.202849],"rotation":{"angle":-45.0,"axis":"x","origin":[4.855714,6.272615,0.50186443]},"faces":{"east":{"uv":[12.0,7.75,12.25,7.25],"rotation":270,"texture":"#1","tintindex":0},"south":{"uv":[12.0,7.5,12.25,7.75],"rotation":270,"texture":"#1","tintindex":0},"north":{"uv":[12.25,7.25,12.0,7.5],"rotation":90,"texture":"#1","tintindex":0},"west":{"uv":[12.0,7.25,12.25,7.75],"rotation":270,"texture":"#1","tintindex":0},"up":{"uv":[12.0,7.25,12.25,7.75],"rotation":0,"texture":"#1","tintindex":0},"down":{"uv":[12.0,7.25,12.25,7.75],"rotation":180,"texture":"#1","tintindex":0}}},{"from":[7.4257145,3.6714277,0.60856247],"to":[8.0,4.245713,4.628563],"rotation":{"angle":-45.0,"axis":"x","origin":[4.855714,6.272615,0.50186443]},"faces":{"east":{"uv":[13.25,7.5,13.5,5.75],"rotation":270,"texture":"#1","tintindex":0},"south":{"uv":[13.25,7.25,13.5,7.5],"rotation":270,"texture":"#1","tintindex":0},"north":{"uv":[13.5,5.75,13.25,6.0],"rotation":90,"texture":"#1","tintindex":0},"west":{"uv":[13.25,5.75,13.5,7.5],"rotation":270,"texture":"#1","tintindex":0},"up":{"uv":[13.25,5.75,13.5,7.5],"rotation":0,"texture":"#1","tintindex":0},"down":{"uv":[13.25,5.75,13.5,7.5],"rotation":180,"texture":"#1","tintindex":0}}},{"from":[7.4257145,3.0971422,1.1828485],"to":[8.0,3.6714277,4.628563],"rotation":{"angle":-45.0,"axis":"x","origin":[4.855714,6.272615,0.50186443]},"faces":{"east":{"uv":[13.0,7.5,13.25,6.0],"rotation":270,"texture":"#1","tintindex":0},"south":{"uv":[13.0,7.25,13.25,7.5],"rotation":270,"texture":"#1","tintindex":0},"north":{"uv":[13.25,6.0,13.0,6.25],"rotation":90,"texture":"#1","tintindex":0},"west":{"uv":[13.0,6.0,13.25,7.5],"rotation":270,"texture":"#1","tintindex":0},"up":{"uv":[13.0,6.0,13.25,7.5],"rotation":0,"texture":"#1","tintindex":0},"down":{"uv":[13.0,6.0,13.25,7.5],"rotation":180,"texture":"#1","tintindex":0}}},{"from":[7.4257145,4.245713,2.905706],"to":[8.0,4.819999,4.0542774],"rotation":{"angle":-45.0,"axis":"x","origin":[4.855714,6.272615,0.50186443]},"faces":{"east":{"uv":[13.5,7.25,13.75,6.75],"rotation":270,"texture":"#1","tintindex":0},"south":{"uv":[13.5,7.0,13.75,7.25],"rotation":270,"texture":"#1","tintindex":0},"north":{"uv":[13.75,6.75,13.5,7.0],"rotation":90,"texture":"#1","tintindex":0},"west":{"uv":[13.5,6.75,13.75,7.25],"rotation":270,"texture":"#1","tintindex":0},"up":{"uv":[13.5,6.75,13.75,7.25],"rotation":0,"texture":"#1","tintindex":0},"down":{"uv":[13.5,6.75,13.75,7.25],"rotation":180,"texture":"#1","tintindex":0}}},{"from":[7.4257145,4.245713,0.034276962],"to":[8.0,4.819999,2.33142],"rotation":{"angle":-45.0,"axis":"x","origin":[4.855714,6.272615,0.50186443]},"faces":{"east":{"uv":[13.5,6.5,13.75,5.5],"rotation":270,"texture":"#1","tintindex":0},"south":{"uv":[13.5,6.25,13.75,6.5],"rotation":270,"texture":"#1","tintindex":0},"north":{"uv":[13.75,5.5,13.5,5.75],"rotation":90,"texture":"#1","tintindex":0},"west":{"uv":[13.5,5.5,13.75,6.5],"rotation":270,"texture":"#1","tintindex":0},"up":{"uv":[13.5,5.5,13.75,6.5],"rotation":0,"texture":"#1","tintindex":0},"down":{"uv":[13.5,5.5,13.75,6.5],"rotation":180,"texture":"#1","tintindex":0}}},{"from":[7.4257145,4.819999,-0.54000854],"to":[8.0,5.394285,1.7571344],"rotation":{"angle":-45.0,"axis":"x","origin":[4.855714,6.272615,0.50186443]},"faces":{"east":{"uv":[13.75,6.25,14.0,5.25],"rotation":270,"texture":"#1","tintindex":0},"south":{"uv":[13.75,6.0,14.0,6.25],"rotation":270,"texture":"#1","tintindex":0},"north":{"uv":[14.0,5.25,13.75,5.5],"rotation":90,"texture":"#1","tintindex":0},"west":{"uv":[13.75,5.25,14.0,6.25],"rotation":270,"texture":"#1","tintindex":0},"up":{"uv":[13.75,5.25,14.0,6.25],"rotation":0,"texture":"#1","tintindex":0},"down":{"uv":[13.75,5.25,14.0,6.25],"rotation":180,"texture":"#1","tintindex":0}}},{"from":[7.4257145,5.394285,-1.114294],"to":[8.0,5.9685707,1.1828485],"rotation":{"angle":-45.0,"axis":"x","origin":[4.855714,6.272615,0.50186443]},"faces":{"east":{"uv":[14.0,6.0,14.25,5.0],"rotation":270,"texture":"#1","tintindex":0},"south":{"uv":[14.0,5.75,14.25,6.0],"rotation":270,"texture":"#1","tintindex":0},"north":{"uv":[14.25,5.0,14.0,5.25],"rotation":90,"texture":"#1","tintindex":0},"west":{"uv":[14.0,5.0,14.25,6.0],"rotation":270,"texture":"#1","tintindex":0},"up":{"uv":[14.0,5.0,14.25,6.0],"rotation":0,"texture":"#1","tintindex":0},"down":{"uv":[14.0,5.0,14.25,6.0],"rotation":180,"texture":"#1","tintindex":0}}},{"from":[7.4257145,5.9685707,-1.6885805],"to":[8.0,6.542856,0.60856247],"rotation":{"angle":-45.0,"axis":"x","origin":[4.855714,6.272615,0.50186443]},"faces":{"east":{"uv":[14.25,5.75,14.5,4.75],"rotation":270,"texture":"#1","tintindex":0},"south":{"uv":[14.25,5.5,14.5,5.75],"rotation":270,"texture":"#1","tintindex":0},"north":{"uv":[14.5,4.75,14.25,5.0],"rotation":90,"texture":"#1","tintindex":0},"west":{"uv":[14.25,4.75,14.5,5.75],"rotation":270,"texture":"#1","tintindex":0},"up":{"uv":[14.25,4.75,14.5,5.75],"rotation":0,"texture":"#1","tintindex":0},"down":{"uv":[14.25,4.75,14.5,5.75],"rotation":180,"texture":"#1","tintindex":0}}},{"from":[7.4257145,6.542856,-2.262866],"to":[8.0,7.117142,0.034276962],"rotation":{"angle":-45.0,"axis":"x","origin":[4.855714,6.272615,0.50186443]},"faces":{"east":{"uv":[14.5,5.5,14.75,4.5],"rotation":270,"texture":"#1","tintindex":0},"south":{"uv":[14.5,5.25,14.75,5.5],"rotation":270,"texture":"#1","tintindex":0},"north":{"uv":[14.75,4.5,14.5,4.75],"rotation":90,"texture":"#1","tintindex":0},"west":{"uv":[14.5,4.5,14.75,5.5],"rotation":270,"texture":"#1","tintindex":0},"up":{"uv":[14.5,4.5,14.75,5.5],"rotation":0,"texture":"#1","tintindex":0},"down":{"uv":[14.5,4.5,14.75,5.5],"rotation":180,"texture":"#1","tintindex":0}}},{"from":[7.4257145,7.117142,-2.8371515],"to":[8.0,8.265714,-1.114294],"rotation":{"angle":-45.0,"axis":"x","origin":[4.855714,6.272615,0.50186443]},"faces":{"east":{"uv":[14.75,5.0,15.25,4.25],"rotation":270,"texture":"#1","tintindex":0},"south":{"uv":[14.75,4.75,15.25,5.0],"rotation":270,"texture":"#1","tintindex":0},