{"elements":[{"from":[7.6840954,8.174191,-4.260952],"to":[8.258381,11.04562,-2.5380936],"rotation":{"angle":-45.0,"axis":"x","origin":[-6.977334,12.458301,6.1832895]},"faces":{"east":{"uv":[1.75,4.5,3.0,3.75],"rotation":270,"texture":"#1","tintindex":0},"south":{"uv":[1.75,4.25,3.0,4.5],"rotation":270,"texture":"#1","tintindex":0},"north":{"uv":[3.0,3.75,1.75,4.0],"rotation":90,"texture":"#1","tintindex":0},"west":{"uv":[1.75,3.75,3.0,4.5],"rotation":270,"texture":"#1","tintindex":0},"up":{"uv":[2.75,3.75,3.0,4.5],"rotation":0,"texture":"#1","tintindex":0},"down":{"uv":[1.75,3.75,2.0,4.5],"rotation":180,"texture":"#1","tintindex":0}}},{"from":[7.6840954,11.619905,-1.3895235],"to":[8.258381,12.768477,0.90762043],"rotation":{"angle":-45.0,"axis":"x","origin":[-6.977334,12.458301,6.1832895]},"faces":{"east":{"uv":[3.25,6.0,3.75,5.0],"rotation":270,"texture":"#1","tintindex":0},"south":{"uv":[3.25,5.75,3.75,6.0],"rotation":270,"texture":"#1","tintindex":0},"north":{"uv":[3.75,5.0,3.25,5.25],"rotation":90,"texture":"#1","tintindex":0},"west":{"uv":[3.25,5.0,3.75,6.0],"rotation":270,"texture":"#1","tintindex":0},"up":{"uv":[3.5,5.0,3.75,6.0],"rotation":0,"texture":"#1","tintindex":0},"down":{"uv":[3.25,5.0,3.5,6.0],"rotation":180,"texture":"#1","tintindex":0}}},{"from":[7.6840954,12.194192,0.90762043],"to":[8.258381,12.768477,1.4819055],"rotation":{"angle":-45.0,"axis":"x","origin":[-6.977334,12.458301,6.1832895]},"faces":{"east":{"uv":[3.5,6.25,3.75,6.0],"rotation":270,"texture":"#1","tintindex":0},"south":{"uv":[3.5,6.0,3.75,6.25],"rotation":270,"texture":"#1","tintindex":0},"north":{"uv":[3.75,6.0,3.5,6.25],"rotation":90,"texture":"#1","tintindex":0},"west":{"uv":[3.5,6.0,3.75,6.25],"rotation":270,"texture":"#1","tintindex":0},"up":{"uv":[3.5,6.0,3.75,6.25],"rotation":0,"texture":"#1","tintindex":0},"down":{"uv":[3.5,6.0,3.75,6.25],"rotation":180,"texture":"#1","tintindex":0}}},{"from":[7.6840954,7.599906,-3.6866655],"to":[8.258381,8.174191,-3.11238],"rotation":{"angle":-45.0,"axis":"x","origin":[-6.977334,12.458301,6.1832895]},"faces":{"east":{"uv":[1.5,4.25,1.75,4.0],"rotation":270,"texture":"#1","tintindex":0},"south":{"uv":[1.5,4.0,1.75,4.25],"rotation":270,"texture":"#1","tintindex":0},"north":{"uv":[1.75,4.0,1.5,4.25],"rotation":90,"texture":"#1","tintindex":0},"west":{"uv":[1.5,4.0,1.75,4.25],"rotation":270,"texture":"#1","tintindex":0},"up":{"uv":[1.5,4.0,1.75,4.25],"rotation":0,"texture":"#1","tintindex":0},"down":{"uv":[1.5,4.0,1.75,4.25],"rotation":180,"texture":"#1","tintindex":0}}},{"from":[7.6840954,8.748477,-0.81523705],"to":[8.258381,9.322763,0.90762043],"rotation":{"angle":-45.0,"axis":"x","origin":[-6.977334,12.458301,6.1832895]},"faces":{"east":{"uv":[2.0,6.0,2.25,5.25],"rotation":270,"texture":"#1","tintindex":0},"south":{"uv":[2.0,5.75,2.25,6.0],"rotation":270,"texture":"#1","tintindex":0},"north":{"uv":[2.25,5.25,2.0,5.5],"rotation":90,"texture":"#1","tintindex":0},"west":{"uv":[2.0,5.25,2.25,6.0],"rotation":270,"texture":"#1","tintindex":0},"up":{"uv":[2.0,5.25,2.25,6.0],"rotation":0,"texture":"#1","tintindex":0},"down":{"uv":[2.0,5.25,2.25,6.0],"rotation":180,"texture":"#1","tintindex":0}}},{"from":[7.6840954,9.322763,-1.3895235],"to":[8.258381,9.897049,0.33333445],"rotation":{"angle":-45.0,"axis":"x","origin":[-6.977334,12.458301,6.1832895]},"faces":{"east":{"uv":[2.25,5.75,2.5,5.0],"rotation":270,"texture":"#1","tintindex":0},"south":{"uv":[2.25,5.5,2.5,5.75],"rotation":270,"texture":"#1","tintindex":0},"north":{"uv":[2.5,5.0,2.25,5.25],"rotation":90,"texture":"#1","tintindex":0},"west":{"uv":[2.25,5.0,2.5,5.75],"rotation":270,"texture":"#1","tintindex":0},"up":{"uv":[2.25,5.0,2.5,5.75],"rotation":0,"texture":"#1","tintindex":0},"down":{"uv":[2.25,5.0,2.5,5.75],"rotation":180,"texture":"#1","tintindex":0}}},{"from":[7.6840954,9.897049,-1.963809],"to":[8.258381,10.471334,-0.24095154],"rotation":{"angle":-45.0,"axis":"x","origin":[-6.977334,12.458301,6.1832895]},"faces":{"east":{"uv":[2.5,5.5,2.75,4.75],"rotation":270,"texture":"#1","tintindex":0},"south":{"uv":[2.5,5.25,2.75,5.5],"rotation":270,"texture":"#1","tintindex":0},"north":{"uv":[2.75,4.75,2.5,5.0],"rotation":90,"texture":"#1","tintindex":0},"west":{"uv":[2.5,4.75,2.75,5.5],"rotation":270,"texture":"#1","tintindex":0},"up":{"uv":[2.5,4.75,2.75,5.5],"rotation":0,"texture":"#1","tintindex":0},"down":{"uv":[2.5,4.75,2.75,5.5],"rotation":180,"texture":"#1","tintindex":0}}},{"from":[7.6840954,10.471334,-2.5380936],"to":[8.258381,11.04562,-0.81523705],"rotation":{"angle":-45.0,"axis":"x","origin":[-6.977334,12.458301,6.1832895]},"faces":{"east":{"uv":[2.75,5.25,3.0,4.5],"rotation":270,"texture":"#1","tintindex":0},"south":{"uv":[2.75,5.0,3.0,5.25],"rotation":270,"texture":"#1","tintindex":0},"north":{"uv":[3.0,4.5,2.75,4.75],"rotation":90,"texture":"#1","tintindex":0},"west":{"uv":[2.75,4.5,3.0,5.25],"rotation":270,"texture":"#1","tintindex":0},"up":{"uv":[2.75,4.5,3.0,5.25],"rotation":0,"texture":"#1","tintindex":0},"down":{"uv":[2.75,4.5,3.0,5.25],"rotation":180,"texture":"#1","tintindex":0}}},{"from":[7.6840954,8.174191,-0.24095154],"to":[8.258381,8.748477,1.4819055],"rotation":{"angle":-45.0,"axis":"x","origin":[-6.977334,12.458301,6.1832895]},"faces":{"east":{"uv":[1.75,6.25,2.0,5.5],"rotation":270,"texture":"#1","tintindex":0},"south":{"uv":[1.75,6.0,2.0,6.25],"rotation":270,"texture":"#1","tintindex":0},"north":{"uv":[2.0,5.5,1.75,5.75],"rotation":90,"texture":"#1","tintindex":0},"west":{"uv":[1.75,5.5,2.0,6.25],"rotation":270,"texture":"#1","tintindex":0},"up":{"uv":[1.75,5.5,2.0,6.25],"rotation":0,"texture":"#1","tintindex":0},"down":{"uv":[1.75,5.5,2.0,6.25],"rotation":180,"texture":"#1","tintindex":0}}},{"from":[7.6840954,7.599906,0.33333445],"to":[8.258381,8.174191,2.0561914],"rotation":{"angle":-45.0,"axis":"x","origin":[-6.977334,12.458301,6.1832895]},"faces":{"east":{"uv":[1.5,6.5,1.75,5.75],"rotation":270,"texture":"#1","tintindex":0},"south":{"uv":[1.5,6.25,1.75,6.5],"rotation":270,"texture":"#1","tintindex":0},"north":{"uv":[1.75,5.75,1.5,6.0],"rotation":90,"texture":"#1","tintindex":0},"west":{"uv":[1.5,5.75,1.75,6.5],"rotation":270,"texture":"#1","tintindex":0},"up":{"uv":[1.5,5.75,1.75,6.5],"rotation":0,"texture":"#1","tintindex":0},"down":{"uv":[1.5,5.75,1.75,6.5],"rotation":180,"texture":"#1","tintindex":0}}},{"from":[7.6840954,7.02562,0.90762043],"to":[8.258381,7.599906,2.630477],"rotation":{"angle":-45.0,"axis":"x","origin":[-6.977334,12.458301,6.1832895]},"faces":{"east":{"uv":[1.25,6.75,1.5,6.0],"rotation":270,"texture":"#1","tintindex":0},"south":{"uv":[1.25,6.5,1.5,6.75],"rotation":270,"texture":"#1","tintindex":0},"north":{"uv":[1.5,6.0,1.25,6.25],"rotation":90,"texture":"#1","tintindex":0},"west":{"uv":[1.25,6.0,1.5,6.75],"rotation":270,"texture":"#1","tintindex":0},"up":{"uv":[1.25,6.0,1.5,6.75],"rotation":0,"texture":"#1","tintindex":0},"down":{"uv":[1.25,6.0,1.5,6.75],"rotation":180,"texture":"#1","tintindex":0}}},{"from":[7.6840954,6.4513345,1.4819055],"to":[8.258381,7.02562,3.204763],"rotation":{"angle":-45.0,"axis":"x","origin":[-6.977334,12.458301,6.1832895]},"faces":{"east":{"uv":[1.0,7.0,1.25,6.25],"rotation":270,"texture":"#1","tintindex":0},"south":{"uv":[1.0,6.75,1.25,7.0],"rotation":270,"texture":"#1","tintindex":0},"north":{"uv":[1.25,6.25,1.0,6.5],"rotation":90,"texture":"#1","tintindex":0},"west":{"uv":[1.0,6.25,1.25,7.0],"rotation":270,"texture":"#1","tintindex":0},"up":{"uv":[1.0,6.25,1.25,7.0],"rotation":0,"texture":"#1","tintindex":0},"down":{"uv":[1.0,6.25,1.25,7.0],"rotation":180,"texture":"#1","tintindex":0}}},{"from":[7.6840954,5.8770485,2.0561914],"to":[8.258381,6.4513345,3.204763],"rotation":{"angle":-45.0,"axis":"x","origin":[-6.977334,12.458301,6.1832895]},"faces":{"east":{"uv":[0.75,7.0,1.0,6.5],"rotation":270,"texture":"#1","tintindex":0},"south":{"uv":[0.75,6.75,1.0,7.0],"rotation":270,"texture":"#1","tintindex":0},"north":{"uv":[1.0,6.5,0.75,6.75],"rotation":90,"texture":"#1","tintindex":0},