{"elements":[{"from":[7.7128572,9.285305,2.1927404],"to":[8.287143,9.8595915,6.7870264],"rotation":{"angle":-22.5,"axis":"x","origin":[8.571428,13.754183,9.946108]},"faces":{"east":{"uv":[5.5,6.0,5.75,4.0],"rotation":270,"texture":"#1","tintindex":0},"south":{"uv":[5.5,5.75,5.75,6.0],"rotation":270,"texture":"#1","tintindex":0},"north":{"uv":[5.75,4.0,5.5,4.25],"rotation":90,"texture":"#1","tintindex":0},"west":{"uv":[5.5,4.0,5.75,6.0],"rotation":270,"texture":"#1","tintindex":0},"up":{"uv":[5.5,4.0,5.75,6.0],"rotation":0,"texture":"#1","tintindex":0},"down":{"uv":[5.5,4.0,5.75,6.0],"rotation":180,"texture":"#1","tintindex":0}}},{"from":[7.7128572,8.7110195,2.7670264],"to":[8.287143,9.285305,5.0641694],"rotation":{"angle":-22.5,"axis":"x","origin":[8.571428,13.754183,9.946108]},"faces":{"east":{"uv":[5.25,5.25,5.5,4.25],"rotation":270,"texture":"#1","tintindex":0},"south":{"uv":[5.25,5.0,5.5,5.25],"rotation":270,"texture":"#1","tintindex":0},"north":{"uv":[5.5,4.25,5.25,4.5],"rotation":90,"texture":"#1","tintindex":0},"west":{"uv":[5.25,4.25,5.5,5.25],"rotation":270,"texture":"#1","tintindex":0},"up":{"uv":[5.25,4.25,5.5,5.25],"rotation":0,"texture":"#1","tintindex":0},"down":{"uv":[5.25,4.25,5.5,5.25],"rotation":180,"texture":"#1","tintindex":0}}},{"from":[7.7128572,8.136734,3.3413124],"to":[8.287143,8.7110195,4.4898834],"rotation":{"angle":-22.5,"axis":"x","origin":[8.571428,13.754183,9.946108]},"faces":{"east":{"uv":[5.0,5.0,5.25,4.5],"rotation":270,"texture":"#1","tintindex":0},"south":{"uv":[5.0,4.75,5.25,5.0],"rotation":270,"texture":"#1","tintindex":0},"north":{"uv":[5.25,4.5,5.0,4.75],"rotation":90,"texture":"#1","tintindex":0},"west":{"uv":[5.0,4.5,5.25,5.0],"rotation":270,"texture":"#1","tintindex":0},"up":{"uv":[5.0,4.5,5.25,5.0],"rotation":0,"texture":"#1","tintindex":0},"down":{"uv":[5.0,4.5,5.25,5.0],"rotation":180,"texture":"#1","tintindex":0}}},{"from":[7.7128572,11.0081625,2.1927404],"to":[8.287143,11.582449,6.212741],"rotation":{"angle":-22.5,"axis":"x","origin":[8.571428,13.754183,9.946108]},"faces":{"east":{"uv":[6.25,5.75,6.5,4.0],"rotation":270,"texture":"#1","tintindex":0},"south":{"uv":[6.25,5.5,6.5,5.75],"rotation":270,"texture":"#1","tintindex":0},"north":{"uv":[6.5,4.0,6.25,4.25],"rotation":90,"texture":"#1","tintindex":0},"west":{"uv":[6.25,4.0,6.5,5.75],"rotation":270,"texture":"#1","tintindex":0},"up":{"uv":[6.25,4.0,6.5,5.75],"rotation":0,"texture":"#1","tintindex":0},"down":{"uv":[6.25,4.0,6.5,5.75],"rotation":180,"texture":"#1","tintindex":0}}},{"from":[7.7128572,11.582449,3.3413124],"to":[8.287143,12.156734,6.212741],"rotation":{"angle":-22.5,"axis":"x","origin":[8.571428,13.754183,9.946108]},"faces":{"east":{"uv":[6.5,5.75,6.75,4.5],"rotation":270,"texture":"#1","tintindex":0},"south":{"uv":[6.5,5.5,6.75,5.75],"rotation":270,"texture":"#1","tintindex":0},"north":{"uv":[6.75,4.5,6.5,4.75],"rotation":90,"texture":"#1","tintindex":0},"west":{"uv":[6.5,4.5,6.75,5.75],"rotation":270,"texture":"#1","tintindex":0},"up":{"uv":[6.5,4.5,6.75,5.75],"rotation":0,"texture":"#1","tintindex":0},"down":{"uv":[6.5,4.5,6.75,5.75],"rotation":180,"texture":"#1","tintindex":0}}},{"from":[7.7128572,12.156734,4.4898834],"to":[8.287143,12.73102,5.638455],"rotation":{"angle":-22.5,"axis":"x","origin":[8.571428,13.754183,9.946108]},"faces":{"east":{"uv":[6.75,5.5,7.0,5.0],"rotation":270,"texture":"#1","tintindex":0},"south":{"uv":[6.75,5.25,7.0,5.5],"rotation":270,"texture":"#1","tintindex":0},"north":{"uv":[7.0,5.0,6.75,5.25],"rotation":90,"texture":"#1","tintindex":0},"west":{"uv":[6.75,5.0,7.0,5.5],"rotation":270,"texture":"#1","tintindex":0},"up":{"uv":[6.75,5.0,7.0,5.5],"rotation":0,"texture":"#1","tintindex":0},"down":{"uv":[6.75,5.0,7.0,5.5],"rotation":180,"texture":"#1","tintindex":0}}},{"from":[7.7128572,9.8595915,5.638455],"to":[8.287143,10.433877,6.212741],"rotation":{"angle":-22.5,"axis":"x","origin":[8.571428,13.754183,9.946108]},"faces":{"east":{"uv":[5.75,5.75,6.0,5.5],"rotation":270,"texture":"#1","tintindex":0},"south":{"uv":[5.75,5.5,6.0,5.75],"rotation":270,"texture":"#1","tintindex":0},"north":{"uv":[6.0,5.5,5.75,5.75],"rotation":90,"texture":"#1","tintindex":0},"west":{"uv":[5.75,5.5,6.0,5.75],"rotation":270,"texture":"#1","tintindex":0},"up":{"uv":[5.75,5.5,6.0,5.75],"rotation":0,"texture":"#1","tintindex":0},"down":{"uv":[5.75,5.5,6.0,5.75],"rotation":180,"texture":"#1","tintindex":0}}},{"from":[7.7128572,8.7110195,5.638455],"to":[8.287143,9.285305,7.3613124],"rotation":{"angle":-22.5,"axis":"x","origin":[8.571428,13.754183,9.946108]},"faces":{"east":{"uv":[5.25,6.25,5.5,5.5],"rotation":270,"texture":"#1","tintindex":0},"south":{"uv":[5.25,6.0,5.5,6.25],"rotation":270,"texture":"#1","tintindex":0},"north":{"uv":[5.5,5.5,5.25,5.75],"rotation":90,"texture":"#1","tintindex":0},"west":{"uv":[5.25,5.5,5.5,6.25],"rotation":270,"texture":"#1","tintindex":0},"up":{"uv":[5.25,5.5,5.5,6.25],"rotation":0,"texture":"#1","tintindex":0},"down":{"uv":[5.25,5.5,5.5,6.25],"rotation":180,"texture":"#1","tintindex":0}}},{"from":[7.7128572,8.136734,6.212741],"to":[8.287143,8.7110195,7.935598],"rotation":{"angle":-22.5,"axis":"x","origin":[8.571428,13.754183,9.946108]},"faces":{"east":{"uv":[5.0,6.5,5.25,5.75],"rotation":270,"texture":"#1","tintindex":0},"south":{"uv":[5.0,6.25,5.25,6.5],"rotation":270,"texture":"#1","tintindex":0},"north":{"uv":[5.25,5.75,5.0,6.0],"rotation":90,"texture":"#1","tintindex":0},"west":{"uv":[5.0,5.75,5.25,6.5],"rotation":270,"texture":"#1","tintindex":0},"up":{"uv":[5.0,5.75,5.25,6.5],"rotation":0,"texture":"#1","tintindex":0},"down":{"uv":[5.0,5.75,5.25,6.5],"rotation":180,"texture":"#1","tintindex":0}}},{"from":[7.7128572,7.5624485,6.7870264],"to":[8.287143,8.136734,8.509884],"rotation":{"angle":-22.5,"axis":"x","origin":[8.571428,13.754183,9.946108]},"faces":{"east":{"uv":[4.75,6.75,5.0,6.0],"rotation":270,"texture":"#1","tintindex":0},"south":{"uv":[4.75,6.5,5.0,6.75],"rotation":270,"texture":"#1","tintindex":0},"north":{"uv":[5.0,6.0,4.75,6.25],"rotation":90,"texture":"#1","tintindex":0},"west":{"uv":[4.75,6.0,5.0,6.75],"rotation":270,"texture":"#1","tintindex":0},"up":{"uv":[4.75,6.0,5.0,6.75],"rotation":0,"texture":"#1","tintindex":0},"down":{"uv":[4.75,6.0,5.0,6.75],"rotation":180,"texture":"#1","tintindex":0}}},{"from":[7.7128572,6.9881625,7.3613124],"to":[8.287143,7.5624485,9.084169],"rotation":{"angle":-22.5,"axis":"x","origin":[8.571428,13.754183,9.946108]},"faces":{"east":{"uv":[4.5,7.0,4.75,6.25],"rotation":270,"texture":"#1","tintindex":0},"south":{"uv":[4.5,6.75,4.75,7.0],"rotation":270,"texture":"#1","tintindex":0},"north":{"uv":[4.75,6.25,4.5,6.5],"rotation":90,"texture":"#1","tintindex":0},"west":{"uv":[4.5,6.25,4.75,7.0],"rotation":270,"texture":"#1","tintindex":0},"up":{"uv":[4.5,6.25,4.75,7.0],"rotation":0,"texture":"#1","tintindex":0},"down":{"uv":[4.5,6.25,4.75,7.0],"rotation":180,"texture":"#1","tintindex":0}}},{"from":[7.7128572,6.413877,7.935598],"to":[8.287143,6.9881625,9.658455],"rotation":{"angle":-22.5,"axis":"x","origin":[8.571428,13.754183,9.946108]},"faces":{"east":{"uv":[4.25,7.25,4.5,6.5],"rotation":270,"texture":"#1","tintindex":0},"south":{"uv":[4.25,7.0,4.5,7.25],"rotation":270,"texture":"#1","tintindex":0},"north":{"uv":[4.5,6.5,4.25,6.75],"rotation":90,"texture":"#1","tintindex":0},"west":{"uv":[4.25,6.5,4.5,7.25],"rotation":270,"texture":"#1","tintindex":0},"up":{"uv":[4.25,6.5,4.5,7.25],"rotation":0,"texture":"#1","tintindex":0},"down":{"uv":[4.25,6.5,4.5,7.25],"rotation":180,"texture":"#1","tintindex":0}}},{"from":[7.7128572,5.839591,8.509884],"to":[8.287143,6.413877,9.658455],"rotation":{"angle":-22.5,"axis":"x","origin":[8.571428,13.754183,9.946108]},"faces":{"east":{"uv":[4.0,7.25,4.25,6.75],"rotation":270,"texture":"#1","tintindex":0},"south":{"uv":[4.0,7.0,4.25,7.25],"rotation":270,"texture":"#1","tintindex":0},"north":{"uv":[4.25,6.75,4.0,7.0],"rotation":90,"texture":"#1","tintindex":0},"west":{"uv":[4.0,6.75,4.25,7.25],"rotation":270,"texture":"#1",